{"loss": [0.231878861784935, 0.247282013297081, 0.22722575068473816, 0.27237391471862793, 0.23313568532466888, 0.18576738238334656, 0.22535644471645355, 0.19162005186080933, 0.19579291343688965, 0.17125330865383148, 0.1680038869380951, 0.15813525021076202], "accuracy": [0.921999990940094, 0.9235000014305115, 0.9300000071525574, 0.9244999885559082, 0.9225000143051147, 0.9390000104904175, 0.9369999766349792, 0.9415000081062317, 0.9390000104904175, 0.9419999718666077, 0.9455000162124634, 0.9539999961853027], "val_loss": [0.18392401933670044, 0.217934712767601, 0.29827484488487244, 0.42882096767425537, 0.19034209847450256, 0.11001426726579666, 0.13020962476730347, 0.12135938555002213, 0.1834280639886856, 0.1276838630437851, 0.10758979618549347, 0.14600032567977905], "val_accuracy": [0.9490000009536743, 0.9419999718666077, 0.921999990940094, 0.902999997138977, 0.949999988079071, 0.9670000076293945, 0.9610000252723694, 0.9629999995231628, 0.9490000009536743, 0.9649999737739563, 0.9710000157356262, 0.9610000252723694]}