{"loss": [0.7257400155067444, 0.7227914929389954, 0.7234314680099487, 0.7207357287406921, 0.7089787721633911, 0.7271364331245422, 0.7215230464935303, 0.7186912298202515, 0.7245119214057922, 0.7196220755577087, 0.7172327637672424, 0.7106311917304993, 0.7113456130027771, 0.7187241315841675, 0.7184649109840393, 0.7133359909057617, 0.703130841255188, 0.7124979496002197, 0.7172729969024658, 0.708965003490448, 0.7042613625526428, 0.7137044072151184, 0.7047455310821533, 0.7054086923599243, 0.6991298198699951, 0.6994007229804993, 0.6933780908584595, 0.6966907382011414, 0.6877033710479736, 0.6964855194091797, 0.6853123307228088, 0.6813658475875854, 0.6832360029220581, 0.6768340468406677, 0.6839597821235657, 0.6631892919540405, 0.6652579307556152, 0.6492687463760376, 0.6619623899459839, 0.6406229138374329, 0.6408587694168091, 0.6471951007843018, 0.6318882703781128, 0.6292147636413574, 0.6189342141151428, 0.6101943254470825, 0.6060597896575928, 0.5875911712646484, 0.5733112692832947, 0.5603291392326355, 0.5489740371704102, 0.5452568531036377, 0.5295370817184448, 0.5152674317359924, 0.49564221501350403, 0.4879603683948517, 0.47148579359054565, 0.4532191753387451, 0.4444344639778137, 0.42283111810684204, 0.4150729477405548, 0.3922952711582184, 0.3722298741340637, 0.3584514558315277, 0.3477210998535156, 0.3322097063064575, 0.32742083072662354, 0.30291083455085754, 0.29914921522140503, 0.27531516551971436, 0.26933133602142334, 0.2587038576602936, 0.2433158904314041, 0.24243353307247162, 0.22517994046211243, 0.22127342224121094, 0.2049490511417389, 0.21452049911022186, 0.1997830718755722, 0.2034267634153366, 0.18935325741767883, 0.1815379112958908, 0.17400677502155304, 0.1622067540884018, 0.16016271710395813, 0.1532064527273178, 0.15435665845870972, 0.15093335509300232, 0.1416768878698349, 0.14889317750930786, 0.14075800776481628, 0.143764927983284, 0.1502552181482315, 0.12151801586151123, 0.1431100219488144, 0.13067349791526794, 0.13061994314193726, 0.12975956499576569, 0.12900234758853912, 0.1242392510175705], "lr": [1e-08, 1.1220185e-08, 1.2589254e-08, 1.41253755e-08, 1.5848931e-08, 1.7782794e-08, 1.9952623e-08, 2.2387212e-08, 2.5118863e-08, 2.8183829e-08, 3.1622776e-08, 3.548134e-08, 3.981072e-08, 4.4668358e-08, 5.011872e-08, 5.6234132e-08, 6.309573e-08, 7.079458e-08, 7.943282e-08, 8.9125095e-08, 1e-07, 1.12201846e-07, 1.2589254e-07, 1.4125375e-07, 1.5848931e-07, 1.7782794e-07, 1.9952623e-07, 2.2387212e-07, 2.5118865e-07, 2.8183828e-07, 3.1622776e-07, 3.5481338e-07, 3.9810718e-07, 4.466836e-07, 5.0118723e-07, 5.623413e-07, 6.3095735e-07, 7.079458e-07, 7.9432823e-07, 8.912509e-07, 1e-06, 1.1220185e-06, 1.2589254e-06, 1.4125376e-06, 1.5848932e-06, 1.7782794e-06, 1.9952622e-06, 2.2387212e-06, 2.5118864e-06, 2.8183829e-06, 3.1622776e-06, 3.548134e-06, 3.9810716e-06, 4.466836e-06, 5.0118724e-06, 5.6234135e-06, 6.3095736e-06, 7.0794576e-06, 7.943282e-06, 8.91251e-06, 1e-05, 1.1220184e-05, 1.2589254e-05, 1.4125376e-05, 1.5848931e-05, 1.7782793e-05, 1.9952624e-05, 2.2387212e-05, 2.5118865e-05, 2.818383e-05, 3.1622778e-05, 3.548134e-05, 3.981072e-05, 4.466836e-05, 5.0118724e-05, 5.6234134e-05, 6.309574e-05, 7.079458e-05, 7.943282e-05, 8.91251e-05, 1e-04, 0.000112201844, 0.00012589255, 0.00014125375, 0.00015848932, 0.00017782794, 0.00019952623, 0.00022387212, 0.00025118864, 0.0002818383, 0.00031622776, 0.00035481338, 0.00039810716, 0.00044668358, 0.0005011872, 0.0005623413, 0.00063095737, 0.0007079458, 0.0007943282, 0.00089125097]}