{"loss": [0.7129330635070801, 0.6763461828231812, 0.6198115348815918, 0.570803701877594, 0.5317009091377258, 0.47677215933799744, 0.4320131838321686, 0.39128828048706055, 0.3445882499217987, 0.28905218839645386, 0.24295446276664734, 0.18912599980831146, 0.15946850180625916, 0.1112787276506424, 0.09940870106220245, 0.08570229262113571, 0.11919090896844864, 0.06998880952596664, 0.04849700257182121, 0.054879121482372284, 0.053405772894620895, 0.04679175093770027, 0.0672893151640892, 0.050057657063007355, 0.05747389420866966, 0.02117297053337097, 0.027641935274004936, 0.03845583274960518, 0.053900040686130524, 0.04502764716744423, 0.03143209591507912, 0.048939645290374756, 0.037894200533628464, 0.016433224081993103, 0.039099112153053284, 0.031681839376688004, 0.01823291927576065, 0.027676869183778763, 0.02214968390762806, 0.030198950320482254, 0.02321808412671089, 0.024674715474247932, 0.021379370242357254, 0.004397306125611067, 0.07758282124996185, 0.04337558150291443, 0.0189321618527174, 0.03367873653769493, 0.028418950736522675, 0.04091239720582962, 0.0528218112885952, 0.05361853539943695, 0.028226252645254135, 0.08878251910209656, 0.0005087684257887304, 0.021960830315947533, 0.021587975323200226, 0.001868752297013998, 0.10591565072536469, 0.05213168263435364, 0.021538304165005684, 0.044494111090898514, 0.04626460000872612, 0.015321670100092888, 0.03982643410563469, 0.036030806601047516, 0.024171562865376472, 0.024847010150551796, 0.03517080470919609, 0.0002242945192847401, 0.031069977208971977, 0.043325264006853104, 0.06631332635879517, 0.02945220097899437, 0.009056804701685905, 0.026592321693897247, 0.007251323666423559, 0.032969992607831955, 0.009336680173873901, 1.764032504070201e-06, 0.09952675551176071, 0.014517189003527164, 0.016827400773763657, 0.028995774686336517, 0.03945067152380943, 0.033952049911022186, 0.04654693976044655, 0.04542122781276703, 0.021210160106420517, 6.065603429306066e-06, 0.0896541029214859, 0.02187524549663067, 0.004197129979729652, 0.015200907364487648, 0.04135840758681297, 0.03624068945646286, 0.019191039726138115, 0.024059748277068138, 0.03858715668320656, 0.043824587017297745], "accuracy": [0.5364999771118164, 0.5849999785423279, 0.6675000190734863, 0.7074999809265137, 0.7279999852180481, 0.7799999713897705, 0.8015000224113464, 0.824999988079071, 0.8575000166893005, 0.8805000185966492, 0.8964999914169312, 0.9294999837875366, 0.9409999847412109, 0.9624999761581421, 0.9629999995231628, 0.9739999771118164, 0.9750000238418579, 0.9785000085830688, 0.984000027179718, 0.984000027179718, 0.9810000061988831, 0.9865000247955322, 0.984000027179718, 0.9869999885559082, 0.984499990940094, 0.9929999709129333, 0.9919999837875366, 0.9879999756813049, 0.987500011920929, 0.9890000224113464, 0.9919999837875366, 0.9879999756813049, 0.9890000224113464, 0.9944999814033508, 0.9904999732971191, 0.9909999966621399, 0.9955000281333923, 0.9934999942779541, 0.9950000047683716, 0.9915000200271606, 0.9934999942779541, 0.9934999942779541, 0.9955000281333923, 0.9980000257492065, 0.9909999966621399, 0.9915000200271606, 0.9955000281333923, 0.9879999756813049, 0.9959999918937683, 0.9884999990463257, 0.9950000047683716, 0.9909999966621399, 0.9925000071525574, 0.9854999780654907, 1.0, 0.9965000152587891, 0.9959999918937683, 0.9990000128746033, 0.9940000176429749, 0.9909999966621399, 0.9950000047683716, 0.9890000224113464, 0.9955000281333923, 0.996999979019165, 0.9915000200271606, 0.9894999861717224, 0.9959999918937683, 0.9950000047683716, 0.9950000047683716, 1.0, 0.9955000281333923, 0.9934999942779541, 0.9884999990463257, 0.9959999918937683, 0.996999979019165, 0.996999979019165, 0.9965000152587891, 0.9929999709129333, 0.9975000023841858, 1.0, 0.996999979019165, 0.996999979019165, 0.996999979019165, 0.9965000152587891, 0.9940000176429749, 0.9955000281333923, 0.9929999709129333, 0.996999979019165, 0.9959999918937683, 1.0, 0.9919999837875366, 0.9944999814033508, 0.9984999895095825, 0.9980000257492065, 0.9929999709129333, 0.9925000071525574, 0.9965000152587891, 0.9950000047683716, 0.9919999837875366, 0.9925000071525574], "val_loss": [0.6821715235710144, 0.6275035738945007, 0.5934575200080872, 0.6800452470779419, 0.5839430093765259, 0.647335946559906, 0.60737144947052, 0.7208423018455505, 0.6418777704238892, 0.6679355502128601, 0.6512089967727661, 0.8096347451210022, 1.034073829650879, 1.1409311294555664, 1.047550916671753, 1.5668034553527832, 1.793325424194336, 1.5186738967895508, 1.3174859285354614, 1.8042144775390625, 1.5677971839904785, 1.8556115627288818, 1.8596715927124023, 1.9016170501708984, 1.8565105199813843, 2.215160846710205, 2.8481879234313965, 2.548691987991333, 2.3085741996765137, 2.7462708950042725, 2.326502799987793, 2.1476945877075195, 2.4402806758880615, 2.5554938316345215, 2.9173877239227295, 2.4017372131347656, 2.9586081504821777, 3.1057987213134766, 2.879103660583496, 2.8640871047973633, 2.8950355052948, 3.445295810699463, 3.5125539302825928, 5.220753192901611, 3.600475788116455, 2.4503982067108154, 4.4692206382751465, 3.850149631500244, 4.088242053985596, 3.120941400527954, 4.1665472984313965, 3.16837215423584, 3.8968827724456787, 3.5329294204711914, 4.906571865081787, 4.027194976806641, 4.598185062408447, 6.134769439697266, 5.523255348205566, 4.28440523147583, 4.526315689086914, 4.98081111907959, 4.24326229095459, 4.042738437652588, 4.389609336853027, 3.98039174079895, 5.334882736206055, 4.43532657623291, 4.010959148406982, 6.112536430358887, 5.291760444641113, 4.177549839019775, 3.8944616317749023, 4.828886032104492, 4.8312201499938965, 4.060001850128174, 5.341053485870361, 3.9533588886260986, 5.412642955780029, 6.578032493591309, 6.430792331695557, 5.3467230796813965, 5.993721008300781, 6.261994361877441, 5.080516338348389, 6.286087512969971, 5.072696685791016, 6.248128890991211, 4.222846508026123, 5.309055805206299, 4.792660713195801, 5.527212142944336, 6.727427959442139, 6.517882823944092, 4.813868999481201, 3.9476001262664795, 5.4073262214660645, 7.563852310180664, 5.5021562576293945, 4.332093238830566],